"'"
"Newfoundland and Labrador"
"Transposition of votes by federal electoral district (FED) from the 2003 to the 2013 Representation Order"
"Avalon"
"Population: 81,540"
"Voting results - May 2, 2011 general election"

"2003 FED from which the new FED is constituted","2011 population","Population transferred to new FED","Polling divisions transferred - Poll type","Polling divisions transferred - % transferred","Polling divisions transferred - From no.","Polling divisions transferred - To no.","Polling divisions transferred - Total polls","Electors on lists","All votes","Conservative votes","NDP-New Democratic Party votes","Liberal votes","Bloc Qu�b�cois votes","Green Party votes","Other votes"
"Avalon",78908,59548,"A.P.",9.1,602.0,617.0,2,0,14,4,1,9,0,0,0
"Avalon",78908,59548,"A.P.",38,609.0,609.0,1,0,45,30,5,10,0,1,0
"Avalon",78908,59548,"A.P.",67,619.0,619.0,1,0,46,18,4,24,0,0,0
"Avalon",78908,59548,"A.P.",100,603.0,621.0,15,0,2335,1046,194,1069,0,15,11
"Avalon",78908,59548,"M.P.",33,508.0,508.0,1,47,33,15,3,14,0,0,1
"Avalon",78908,59548,"M.P.",67,507.0,507.0,1,57,49,23,2,21,0,1,1
"Avalon",78908,59548,"M.P.",100,501.0,509.0,6,571,293,86,21,174,0,6,6
"Avalon",78908,59548,"O.P.",0.4,159.0,159.0,1,1,1,0,0,0,0,0,0
"Avalon",78908,59548,"O.P.",100,40.0,210.0,154,47229,23403,9851,3592,9656,0,126,178
"Avalon",78908,59548,"SVR1",75,.,.,".",287,102,64,8,27,0,1,1
"Avalon",78908,59548,"SVR2",75,.,.,".",0,478,203,28,241,0,3,2
"St. John's East",100559,21992,"A.P.",43,612.0,612.0,1,0,121,30,84,8,0,0,0
"St. John's East",100559,21992,"A.P.",77,603.0,603.0,1,0,236,54,160,19,0,2,0
"St. John's East",100559,21992,"A.P.",100,610.0,610.0,1,0,479,98,343,32,0,6,0
"St. John's East",100559,21992,"M.P.",100,501.0,501.0,1,222,124,37,54,30,0,3,0
"St. John's East",100559,21992,"O.P.",71,41.1,41.1,1,236,105,19,78,6,0,2,-0
"St. John's East",100559,21992,"O.P.",100,39.0,155.0,36,15618,7488,1551,5441,443,0,53,0
"St. John's East",100559,21992,"SVR1",21,.,.,".",100,42,21,11,8,0,2,0
"St. John's East",100559,21992,"SVR2",21,.,.,".",0,232,64,135,29,0,4,0
"Total electors and ballots cast:",".",".","",".",.,.,".",64370,35625,13214,10164,11820,0,226,201
"Percentage of ballots cast:",".",".","",".",.,.,".",".",35625,37,29,33,0,1,1

"'"
"Notes:"
"Population 2011 source: Statistics Canada"
"A.P.: Advance poll"
"M.P.: Mobile poll"
"O.P.: Ordinary poll"
"SVR1: Includes Canadian citizens temporarily residing outside Canada, members of the Canadian Forces (except members of the"
"Canadian Forces who voted at the polling station established for the polling division of their place of ordinary"
"residence) and incarcerated electors."
"SVR2: Includes Canadian citizens residing in Canada who voted by special ballot in or outside their electoral districts."
"Electors on lists are shown as zero for A.P. and SVR2 as they are already included with the O.P."
"Votes are shown as zero when a political party didn't endorse any candidate in the electoral district."

